{
  "type": "array",
  "_ux.display": "visible",
  "_ux.render_as": "card-stack",
  "items": {
    "type": "object",
    "_ux": {
      "display": "visible",
      "render_as": "card",
      "selectable": true
    },
    "properties": {
      "id": {
        "type": "string",
        "_ux.display": false
      },
      "label": {
        "type": "string",
        "_ux.display": true,
        "_ux.render_as": "card-title"
      },
      "description": {
        "type": "string",
        "_ux.display": true,
        "_ux.render_as": "card-subtitle"
      },
      "visual_tone": {
        "type": "object",
        "_ux.display": true,
        "_ux.display_label": "Visual Tone",
        "properties": {
          "mood": {
            "type": "string",
            "_ux.display": true,
            "_ux.display_label": "Mood"
          },
          "lighting": {
            "type": "string",
            "_ux.display": true,
            "_ux.display_label": "Lighting"
          },
          "energy": {
            "type": "string",
            "_ux": {
              "display": true,
              "display_label": "Energy",
              "highlight": true
            }
          }
        }
      },
      "story_angles": {
        "type": "array",
        "_ux": {
          "display": true,
          "display_label": "Story Ideas",
          "display_format": "{{ value | join(' | ') }}"
        }
      }
    }
  }
}
