{
  "type": "object",
  "properties": {
    "options": {
      "type": "array",
      "minItems": 10,
      "maxItems": 10,
      "items": {
        "type": "object",
        "properties": {
          "title": {
            "type": "string",
            "description": "Engaging title for the pet video (20-40 characters)"
          },
          "description": {
            "type": "string",
            "description": "Engaging description text that complements the title, ending with '....'"
          },
          "emojis": {
            "type": "string",
            "description": "3 pet-appropriate emojis as a string"
          }
        },
        "required": ["title", "description", "emojis"],
        "additionalProperties": false
      },
      "description": "10 engaging title/description combinations for social media"
    }
  },
  "required": ["options"],
  "additionalProperties": false
}
